url,title,date,summary
https://www.geeksforgeeks.org,GeeksforGeeks | Your All-in-One Learning Portal,,"Your All-in-One Learning Portal. It contains well written, well thought and well explained computer science and programming articles, quizzes and practice/competitive programming/company interview Questions."
https://www.geeksforgeeks.org/,GeeksforGeeks | Your All-in-One Learning Portal,,"Your All-in-One Learning Portal. It contains well written, well thought and well explained computer science and programming articles, quizzes and practice/competitive programming/company interview Questions."
https://www.geeksforgeeks.org/dsa/dsa-tutorial-learn-data-structures-and-algorithms/,DSA Tutorial - GeeksforGeeks,2023-11-30 12:40:59+00:00,"Your All-in-One Learning Portal: GeeksforGeeks is a comprehensive educational platform that empowers learners across domains-spanning computer science and programming, school education, upskilling, commerce, software tools, competitive exams, and more."
https://www.geeksforgeeks.org/explore,Practice | GeeksforGeeks | A computer science portal for geeks,,Platform to practice programming problems. Solve company interview questions and improve your coding intellect
https://www.geeksforgeeks.org/c/c-programming-language/,C Programming Language Tutorial - GeeksforGeeks,2024-06-10 15:48:16+00:00,"Your All-in-One Learning Portal: GeeksforGeeks is a comprehensive educational platform that empowers learners across domains-spanning computer science and programming, school education, upskilling, commerce, software tools, competitive exams, and more."
https://www.geeksforgeeks.org/cpp/c-plus-plus/,C++ Programming Language - GeeksforGeeks,2024-06-10 15:52:04+00:00,"Your All-in-One Learning Portal: GeeksforGeeks is a comprehensive educational platform that empowers learners across domains-spanning computer science and programming, school education, upskilling, commerce, software tools, competitive exams, and more."
https://www.geeksforgeeks.org/java/java/,Java Tutorial - GeeksforGeeks,2024-06-12 11:21:32+00:00,"Your All-in-One Learning Portal: GeeksforGeeks is a comprehensive educational platform that empowers learners across domains-spanning computer science and programming, school education, upskilling, commerce, software tools, competitive exams, and more."
https://www.geeksforgeeks.org/python/python-programming-language-tutorial/,Python Tutorial - Learn Python Programming Language - GeeksforGeeks,2024-03-01 13:15:55+00:00,"Your All-in-One Learning Portal: GeeksforGeeks is a comprehensive educational platform that empowers learners across domains-spanning computer science and programming, school education, upskilling, commerce, software tools, competitive exams, and more."
https://www.geeksforgeeks.org/javascript/javascript-tutorial/,JavaScript Tutorial - GeeksforGeeks,2023-12-11 17:06:04+00:00,"Your All-in-One Learning Portal: GeeksforGeeks is a comprehensive educational platform that empowers learners across domains-spanning computer science and programming, school education, upskilling, commerce, software tools, competitive exams, and more."
https://www.geeksforgeeks.org/data-science/data-science-for-beginners/,Data Science Tutorial - GeeksforGeeks,2023-02-24 01:15:58+00:00,"Your All-in-One Learning Portal: GeeksforGeeks is a comprehensive educational platform that empowers learners across domains-spanning computer science and programming, school education, upskilling, commerce, software tools, competitive exams, and more."
https://www.geeksforgeeks.org/machine-learning/machine-learning/,Machine Learning Tutorial - GeeksforGeeks,2024-06-11 11:06:04+00:00,"Your All-in-One Learning Portal: GeeksforGeeks is a comprehensive educational platform that empowers learners across domains-spanning computer science and programming, school education, upskilling, commerce, software tools, competitive exams, and more."
https://www.geeksforgeeks.org/courses,Courses GeeksforGeeks | Interactive LIVE and Self-Paced Courses,,"Master new skills and advance your career with our comprehensive online courses. Explore a wide range of topics, from DS & Algorithms to Data Science. Learn from industry experts and gain practical knowledge at your own pace."
https://www.geeksforgeeks.org/linux-unix/linux-tutorial/,Linux/Unix Tutorial - GeeksforGeeks,2023-06-15 22:46:01+00:00,"Your All-in-One Learning Portal: GeeksforGeeks is a comprehensive educational platform that empowers learners across domains-spanning computer science and programming, school education, upskilling, commerce, software tools, competitive exams, and more."
https://www.geeksforgeeks.org/devops/devops-tutorial/,DevOps Tutorial - GeeksforGeeks,2023-05-09 07:52:54+00:00,"Your All-in-One Learning Portal: GeeksforGeeks is a comprehensive educational platform that empowers learners across domains-spanning computer science and programming, school education, upskilling, commerce, software tools, competitive exams, and more."
https://www.geeksforgeeks.org/sql/sql-tutorial/,SQL Tutorial - GeeksforGeeks,2024-02-15 16:51:41+00:00,"Your All-in-One Learning Portal: GeeksforGeeks is a comprehensive educational platform that empowers learners across domains-spanning computer science and programming, school education, upskilling, commerce, software tools, competitive exams, and more."
https://www.geeksforgeeks.org/web-tech/web-technology/,Web Development Technologies - GeeksforGeeks,2023-12-01 15:37:09+00:00,"Your All-in-One Learning Portal: GeeksforGeeks is a comprehensive educational platform that empowers learners across domains-spanning computer science and programming, school education, upskilling, commerce, software tools, competitive exams, and more."
https://www.geeksforgeeks.org/system-design/system-design-tutorial/,System Design Tutorial - GeeksforGeeks,2021-07-14 15:23:03+00:00,"Your All-in-One Learning Portal: GeeksforGeeks is a comprehensive educational platform that empowers learners across domains-spanning computer science and programming, school education, upskilling, commerce, software tools, competitive exams, and more."
https://www.geeksforgeeks.org/aptitude/aptitude-questions-and-answers/,Aptitude Questions and Answers - GeeksforGeeks,2023-11-17 13:44:31+00:00,"Your All-in-One Learning Portal: GeeksforGeeks is a comprehensive educational platform that empowers learners across domains-spanning computer science and programming, school education, upskilling, commerce, software tools, competitive exams, and more."
https://www.geeksforgeeks.org/geeksforgeeks-premium-subscription,Premium - GeeksforGeeks,,Platform to practice programming problems. Solve company interview questions and improve your coding intellect
https://www.geeksforgeeks.org/nation-skill-up/,Nation SkillUp,,"Your All-in-One Learning Portal. It contains well written, well thought and well explained computer science and programming articles, quizzes and practice/competitive programming/company interview Questions."
